{
  "name": "password-checker",
  "title": "Password Checker",
  "description": "Password Checker is a jQuery plugin to detect the strength of the password entered by the user.",
  "version": "0.1.0",
  "homepage": "https://github.com/nicolaszhao/password-checker",
  "author": {
    "name": "Nicolas Zhao",
    "email": "nicolas-zhao@live.com",
    "url": "https://github.com/nicolaszhao"
  },
  "repository": {
    "type": "git",
    "url": "https://github.com/nicolaszhao/password-checker.git"
  },
  "bugs": "https://github.com/nicolaszhao/password-checker/issues",
  "licenses": [
    {
      "type": "MIT",
      "url": "https://github.com/nicolaszhao/password-checker/blob/master/LICENSE-MIT"
    }
  ],
  "dependencies": {
    "jquery": "1.10.2"
  },
  "keywords": ["password", "strength", "password strength", "password checker"]
}